Energy_kcal,Protein_g,Fat_g,Carb_g,Fiber_g,Sugar_g,Calcium_mg,Iron_mg,Sodium_mg,Potassium_mg,Magnesium_mg,VitA_mcg,VitC_mg,VitB6_mg,VitB12_mcg,Thiamin_mg,Riboflavin_mg,Niacin_mg,Folate_mcg,VitE_mg,VitK_mcg,Phosphorus_mg,Zinc_mg,Copper_mg,Manganese_mg,Selenium_mcg,Choline_mg,Carotene_mcg,Lutein_zeaxanthin_mcg,Lycopene_mcg,Sugar_Added_g,Water_g,Ash_g,Protein_USRDA,Fat_USRDA,Carb_USRDA,Fiber_USRDA,Sugar_USRDA
1329.7789666781987,132.97789666781986,132.97789666781986,132.97789666781986,66.48894833390993,66.48894833390993,66.48894833390993,26.595579333563975,66.48894833390993,66.48894833390993,66.48894833390993,26.595579333563975,26.595579333563975,26.595579333563975,13.297789666781988,26.595579333563975,26.595579333563975,26.595579333563975,26.595579333563975,26.595579333563975,26.595579333563975,66.48894833390993,26.595579333563975,26.595579333563975,26.595579333563975,13.297789666781988,66.48894833390993,26.595579333563975,26.595579333563975,26.595579333563975,26.595579333563975,132.97789666781986,13.297789666781988,265.9557933356397,189.96842381117122,44.32596555593996,221.62982777969975,132.97789666781986
1329.7789666781987,132.97789666781986,132.97789666781986,132.97789666781986,66.48894833390993,66.48894833390993,66.48894833390993,26.595579333563975,66.48894833390993,66.48894833390993,66.48894833390993,26.595579333563975,26.595579333563975,26.595579333563975,13.297789666781988,26.595579333563975,26.595579333563975,26.595579333563975,26.595579333563975,26.595579333563975,26.595579333563975,66.48894833390993,26.595579333563975,26.595579333563975,26.595579333563975,13.297789666781988,66.48894833390993,26.595579333563975,26.595579333563975,26.595579333563975,26.595579333563975,132.97789666781986,13.297789666781988,265.9557933356397,189.96842381117122,44.32596555593996,221.62982777969975,132.97789666781986
