Energy_kcal,Fiber_g,Carb_g,Fat_g,Sugar_g,Magnesium_mg,Magnesium_USRDA,Thiamin_USRDA,Thiamin_mg,Protein_g
1329.7789666781987,0,132.97789666781986,132.97789666781986,0,66.48894833390993,16.622237083477483,2216.298277796998,26.595579333563975,132.97789666781986
